,#FILEFORMAT=annV0.5.2,,,,,,,,,,,,,,,,,,,,,,,,,,,,,,
,#FILEDATE=01.25.2021,,,,,,,,,,,,,,,,,,,,,,,,,,,,,,
no,field_name,vcf_field,schema_title,do_import,value_example,scope,source_name,source_version,description,field_type,sub_embedding_group,is_list,annotation_category,facet_order,facet_default_hidden,column_order,priority,source,pattern,default,min,max,enum_list,links_to,embedded_field,calculated_property,link,comments,annotation_space_location,abbreviation
1,CHROM,CHROM,Chromosome,Y,1;2;3;4;5;6;22;X;Y;M,variant,VCF,VCFv4.2,Chromosome,string,,N,Position,1,,,5,VCF,,,,,"1,2,3,4,5,6,7,8,9,10,11,12,13,14,15,16,17,18,19,20,21,22,X,Y,M",,,,,,Position,
2,POS,POS,Position,Y,949608,variant,VCF,VCFv4.2,Position,integer,,N,Position,2,,,5,VCF,,,0,,,,,,,,Position - maybe later,
3,ID,ID,dbSNP ID,Y,rs1921,variant,VCF,VCFv4.2,dbSNP ID,string,,N,Position,,,,3,GATK / manual,,,,,,,,,,do we know why this is less complete than dbsnp_rs_number?,,
4,REF,REF,Ref,Y,G,variant,VCF,VCFv4.2,Reference allele,string,,N,Position,,,,5,VCF,,,,,,,,,,,Position - maybe later,
5,ALT,ALT,Alt,Y,A;T;C;G;GAAATCA,variant,VCF,VCFv4.2,Alternative allele,string,,N,Position,,,,5,VCF,,,,,,,,,,,Position - maybe later,
6,QUAL,QUAL,Variant Quality,Y,302.6,sample_variant,VCF,VCFv4.2,phred-scaled quality score for the assertion made in ALT (multi-sample),number,,N,Variant Quality,,,,5,VCF,,,,,,,,,,,Quality,
7,CALL_INFO,CALL_INFO,Sample ID,Y,"0/1:33,14:47:99:310,0,927",sample_variant,VCF,VCFv4.2,Calling info,string,,N,Genotype,,,,5,VCF,,,,,,,,,,,,
8,GT,GT,Genotype,Y,"0/1,0/2,1/2",sample_variant,VCF,VCFv4.2,Genotype,string,,N,Genotype,,,30,4,VCF,,,,,,,,,,,,
9,AD,AD,Allelic Depth,Y,"33,14",sample_variant,VCF,VCFv4.2,Allelic depth,string,,N,Variant Quality,,,,5,VCF,,,,,,,,,,,,
10,AD_REF,AD_REF,AD (Ref),Y,33,sample_variant,VCF,VCFv4.2,Reference allelic depth,integer,,N,Variant Quality,,,,5,manual / calculated?,,,,,,,,Y,,,,
11,AD_ALT,AD_ALT,AD (Alt),Y,14,sample_variant,VCF,VCFv4.2,Alternate allelic depth,integer,,N,Variant Quality,10,,,5,manual / calculated?,,,,,,,,Y,,,,AD
12,DP,DP,Coverage,Y,47,sample_variant,VCF,VCFv4.2,Approximate read depth,integer,,N,Variant Quality,8,,20,4,VCF,,,0,,,,,,,,,
13,GQ,GQ,Genotype Quality,Y,99,sample_variant,VCF,VCFv4.2,"phred-scaled quality score that the genotype is accurate [min(99,PL(max)-PL(second))]",integer,,N,Variant Quality,13,,,4,VCF,,,,,,,,,,,Quality,
14,PL,PL,"Genotype Likelihoods (0/0,0/1,1/1)",Y,"310,200,100",sample_variant,VCF,VCFv4.2,"Phred-scaled likelihoods for genotype (Ref/Ref, Ref/Alt, Alt/Alt)",string,,N,Variant Quality,,,,,VCF,,,,,,,,,,,Quality,
15,PGT,PGT,Phasing information,Y,0|1,sample_variant,VCF,VCFv4.2,Physical phasing haplotype information,string,,N,Genotype,,,,,VCF,,,,,,,,,,,,
16,PID,PID,Phasing ID,Y,985446_G_T,sample_variant,VCF,VCFv4.2,Physical phasing ID information,string,,N,Genotype,,,,,VCF,,,,,,,,,,,,
17,PS,PS,Phasing Set,Y,985446,sample_variant,VCF,VCFv4.2,Phasing set ID,integer,,N,Genotype,,,,,VCF,,,,,,,,,,,,
18,AF,AF,VAF,Y,0.2979,sample_variant,VCF,VCFv4.2,Variant allele fraction,number,,N,Variant Quality,11,,21,4,VCF,,,0,1,,,,Y,,,,
19,FS,FS,Strand Fisher Score,Y,,sample_variant,VCF,VCFv4.2,Fisher strand score,number,,N,Variant Quality,12,,,4,VCF,,,,,,,,,,,Quality,
20,novoPP,novoPP,novoCaller PP,Y,1.0;0.9999999999999998,sample_variant,VCF,VCFv4.2,Posterior probability of de novo mutation,number,,N,Genotype,16,,,4,novocaller,,,0,1,,,,,,,DeNovo,novoPP
21,samplegeno_numgt,samplegeno_numgt,Sample Genotype (Numeric),Y,0/1,sample_variant,SAMPLEGENO,v0.4,Sample genotype (number format),string,"{""key"": ""samplegeno"", ""title"": ""Sample Genotype""}",N,Genotype,,,,5,manual,,,,,,,,,,,Coverage,
22,samplegeno_gt,samplegeno_gt,Sample Genotype (Nucleotide),Y,G/T,sample_variant,SAMPLEGENO,v0.4,Sample genotype (nucletide format),string,"{""key"": ""samplegeno"", ""title"": ""Sample Genotype""}",N,Genotype,,,,5,manual,,,,,,,,,,,Coverage,
23,samplegeno_ad,samplegeno_ad,Sample Genotype (Allele Depth),Y,21/10,sample_variant,SAMPLEGENO,v0.4,Allelic depth,string,"{""key"": ""samplegeno"", ""title"": ""Sample Genotype""}",N,Genotype,,,,5,manual,,,,,,,,,,,Coverage (Relation and Call are coming soon),
24,samplegeno_sampleid,samplegeno_sampleid,Sample Genotype (Sample ID),Y,,sample_variant,SAMPLEGENO,v0.4,Sample ID,string,"{""key"": ""samplegeno"", ""title"": ""Sample Genotype""}",N,Genotype,,,,5,manual,,,,,,,,,,,Coverage,
25,csq_clinvar_clnhgvs,csq_clinvar_clnhgvs,Variant,Y,NC_000001.11:g.1014228G>A,variant,ClinVar,v20201101,HGVS genome sequence name,string,,N,Position,,,,3,manual,,,,,,,,,,available only for clinvar,Position,
26,variantClass,variantClass,Variant Type,Y,,variant,VCF,VCFv4.2,"Variant type (SNV, INS, DEL)",string,,N,Variant Type,4,,,3,manual,,,,,"SNV,INS,DEL,MNV",,,,,,,
27,csq_hg19_chr,csq_hg19_chr,Chromosome (hg19),Y,1,variant,dbNSFP,v4.1a,hg19 coordinate chromosome,string,,N,Position,,,,3,manual,,,,,,,,,,available only for nonsynonymous variants,Position,
28,csq_hg19_pos,csq_hg19_pos(1-based),Position (hg19),Y,69511,variant,dbNSFP,v4.1a,hg19 coordinate position,integer,,N,Position,,,,3,manual,,,,,,,,,,available only for nonsynonymous variants,Position - maybe later,
29,csq_consequence,csq_consequence,,Y,intron_variant&non_coding_transcript_variant,variant,VEP,v101,Consequence type,string,"{""key"": ""transcript"", ""title"": ""Transcript""}",Y,Consequence,,,,5,vep,,,,,,VariantConsequence,,,,,,
30,csq_consequence.var_conseq_id,csq_consequence.var_conseq_id,,Y,,variant,VEP,v101,,string,"{""key"": ""transcript"", ""title"": ""Transcript""}",N,Consequence,,,,,calculated,,,,,,,Y,,,,,
31,csq_consequence.definition,csq_consequence.definition,,Y,,variant,VEP,v101,,string,"{""key"": ""transcript"", ""title"": ""Transcript""}",N,Consequence,,,,,calculated,,,,,,,Y,,,,,
32,csq_consequence.impact,csq_consequence.impact,Impact (Trancript),Y,,variant,VEP,v101,,string,"{""key"": ""transcript"", ""title"": ""Transcript""}",N,Consequence,,,,,calculated,,,,,,,Y,,,,,
33,csq_consequence.location,csq_consequence.location,Location (Transcript),Y,,variant,VEP,v101,,string,"{""key"": ""transcript"", ""title"": ""Transcript""}",N,Consequence,,,,,calculated,,,,,,,Y,,,,VEP - used to build location,
34,csq_consequence.coding_effect,csq_consequence.coding_effect,Coding Effect (Transcript),Y,,variant,VEP,v101,,string,"{""key"": ""transcript"", ""title"": ""Transcript""}",N,Consequence,,,,,calculated,,,,,,,Y,,,,VEP,
35,csq_consequence.var_conseq_name,csq_consequence.var_conseq_name,Consequence Name,Y,,variant,VEP,v101,,string,"{""key"": ""transcript"", ""title"": ""Transcript""}",N,Consequence,,,,,,,,,,,,Y,,,,,
36,csq_gene,csq_gene,,Y,ENSG00000223972,variant,VEP,v101,,string,"{""key"": ""transcript"", ""title"": ""Transcript""}",N,Gene Identifiers,,,,,vep,,,,,,Gene,,,,,,
37,csq_gene.gene_symbol,csq_gene.gene_symbol,Gene,Y,,variant,VEP,v101,Stable ID of affected gene,string,"{""key"": ""transcript"", ""title"": ""Transcript""}",N,Gene Identifiers,,,,,calculated,,,,,,,Y,,,,VEP,
38,csq_gene.ensgid,csq_gene.ensgid,Gene (Ensembl),Y,,variant,VEP,v101,Enseml ID of affected gene,string,"{""key"": ""transcript"", ""title"": ""Transcript""}",N,Gene Identifiers,,,,,calculated,,,,,,,Y,,,,,
39,csq_feature,csq_feature,Transcript (Ensembl),Y,ENST00000450305,variant,VEP,v101,Stable ID of feature,string,"{""key"": ""transcript"", ""title"": ""Transcript""}",N,,,,,,vep,,,,,,,,,http://useast.ensembl.org/Homo_sapiens/Transcript/Summary?db=core;t=<ID>,,VEP - maybe later,
40,csq_mane,csq_mane,Transcript,Y,NM_015658.4,variant,VEP,v101,Stable ID of feature,string,"{""key"": ""transcript"", ""title"": ""Transcript""}",N,,,,,,manual,,,,,,,,,,,VEP,
41,csq_biotype,csq_biotype,Biotype,Y,transcribed_unprocessed_pseudogene,variant,VEP,v101,Biotype of transcript or regulatory feature,string,"{""key"": ""transcript"", ""title"": ""Transcript""}",N,,,,,,vep,,,,,,,,,,,,
42,csq_exon,csq_exon,Exon,Y,6/6,variant,VEP,v101,Exon number(s) / total,string,"{""key"": ""transcript"", ""title"": ""Transcript""}",N,,,,,,vep,,,,,,,,,,,VEP - used to build location,
43,csq_intron,csq_intron,Intron,Y,10/10,variant,VEP,v101,Intron number(s) / total,string,"{""key"": ""transcript"", ""title"": ""Transcript""}",N,,,,,,vep,,,,,,,,,,,VEP - used to build location,
44,csq_hgvsc,csq_hgvsc,HGVS-coding,Y,ENST00000450305.2:n.575T>A,variant,VEP,v101,HGVS coding sequence name,string,"{""key"": ""transcript"", ""title"": ""Transcript""}",N,,,,,,vep,,,,,,,,,,,VEP,
45,csq_hgvsp,csq_hgvsp,HGVS-protein,Y,ENSP00000334393.3:p.Ser60%3D,variant,VEP,v101,HGVS protein sequence name,string,"{""key"": ""transcript"", ""title"": ""Transcript""}",N,,,,,,vep,,,,,,,,,,,VEP,
46,csq_cdna_position,csq_cdna_position,cDNA position,Y,575,variant,VEP,v101,Relative position of base pair in cDNA sequence,string,"{""key"": ""transcript"", ""title"": ""Transcript""}",N,,,,,,vep,,,,,,,,,,,,
47,csq_cds_position,csq_cds_position,CDS position,Y,180,variant,VEP,v101,Relative position of base pair in coding sequence,string,"{""key"": ""transcript"", ""title"": ""Transcript""}",N,,,,,,vep,,,,,,,,,,,,
48,csq_protein_position,csq_protein_position,AA position,Y,60,variant,VEP,v101,Relative position of amino acid in protein,string,"{""key"": ""transcript"", ""title"": ""Transcript""}",N,,,,,,vep,,,,,,,,,,,,
49,csq_amino_acids,csq_amino_acids,AA change,Y,S,variant,VEP,v101,Reference and variant amino acids,string,"{""key"": ""transcript"", ""title"": ""Transcript""}",N,,,,,,vep,,,,,,,,,,,VEP - maybe later,
50,csq_codons,csq_codons,codon change,Y,tcA/tcG,variant,VEP,v101,Reference and variant codon sequence,string,"{""key"": ""transcript"", ""title"": ""Transcript""}",N,,,,,,vep,,,,,,,,,,,VEP - maybe later,
51,csq_distance,csq_distance,distance to transcript,Y,1863,variant,VEP,v101,Shortest distance from variant to transcript,string,"{""key"": ""transcript"", ""title"": ""Transcript""}",N,,,,,,vep,,,,,,,,,,,,
52,csq_strand,csq_strand,Strand,Y,1,variant,VEP,v101,Strand of the feature,boolean,"{""key"": ""transcript"", ""title"": ""Transcript""}",N,,,,,,vep,,,,,,,,,,,,
53,csq_canonical,csq_canonical,Canonical Transcript (Boolean),Y,YES,variant,VEP,v101,Indicates if transcript is canonical for this gene,boolean,"{""key"": ""transcript"", ""title"": ""Transcript""}",N,,,,,,vep,,,,,,,,,,,VEP - used in title if True,
54,csq_most_severe,csq_most_severe,Most Severe Transcript (Boolean),Y,1,variant,VEP,v101,Indicates if transcript is most severe for this gene,boolean,"{""key"": ""transcript"", ""title"": ""Transcript""}",N,,,,,,vep,,,,,,,,,,,,
55,csq_tsl,csq_tsl,Transcript support level,N,.&NA,variant,VEP,v101,Transcript support level,integer,"{""key"": ""transcript"", ""title"": ""Transcript""}",N,,,,,,vep,,,,,,,,,,Maybe a bug (multiple values associated with a transcript),,
56,csq_ccds,csq_ccds,CCDS ID,Y,CCDS30547.1,variant,VEP,v101,Consensus coding sequence (CCDS) database ID,string,"{""key"": ""transcript"", ""title"": ""Transcript""}",N,,,,,,vep,,,,,,,,,https://www.ncbi.nlm.nih.gov/CCDS/CcdsBrowse.cgi?REQUEST=CCDS&DATA=<ID>,,,
57,csq_ensp,csq_ensp,Protein ID (Ensembl),Y,ENSP00000493376,variant,VEP,v101,Protein identifer,string,"{""key"": ""transcript"", ""title"": ""Transcript""}",N,,,,,,vep,,,,,,,,,http://useast.ensembl.org/Homo_sapiens/Transcript/ProteinSummary?p=<ID>,,,
58,csq_swissprot,csq_swissprot,Protein ID (UniProtKB/Swiss-Prot),Y,P0DMR1&B7ZW38,variant,VEP,v101,UniProtKB/Swiss-Prot accession,string,"{""key"": ""transcript"", ""title"": ""Transcript""}",N,,,,,,vep,,,,,,,,,https://www.uniprot.org/uniprot/<ID>,,,
59,csq_trembl,csq_trembl,Protein ID (UniProtKB/TrEMBL),Y,A0A2R8Y7R4&M4WDD3,variant,VEP,v101,UniProtKB/TrEMBL accession,string,"{""key"": ""transcript"", ""title"": ""Transcript""}",N,,,,,,vep,,,,,,,,,https://www.uniprot.org/uniprot/<ID>,,,
60,csq_uniparc,csq_uniparc,Protein ID (UniParc),Y,UPI000D1938F0,variant,VEP,v101,UniParc accession,string,"{""key"": ""transcript"", ""title"": ""Transcript""}",N,,,,,,vep,,,,,,,,,,,,
63,csq_domains,csq_domains,,Y,Prints:PR00237&Gene3D:1.20.1070.10&Pfam:PF13853&PROSITE_profiles:PS50262&Superfamily:SSF81321&Transmembrane_helices:TMhelix&CDD:cd15226&Low_complexity_(Seg):seg,variant,VEP,v101,The source and identifer of any overlapping protein domains,string,"{""key"": ""transcript"", ""title"": ""Transcript""}",Y,,,,,,vep,,,,,,,,,,links to several dbs. Figure out how to link them. (missing in examples so far.),,
64,csq_hgvs_offset,csq_hgvs_offset,,Y,5,variant,VEP,v101,"Indicates by how many bases the HGVS notations for this variant have been shifted, for indels",string,"{""key"": ""transcript"", ""title"": ""Transcript""}",N,,,,,,vep,,,,,,,,,,,,
65,csq_pubmed,csq_pubmed,,Y,21159730&21492446&23664118&19096721,variant,VEP,v101,Pubmed ID(s) of publications that cite existing variant,string,"{""key"": ""transcript"", ""title"": ""Transcript""}",Y,,,,,,vep,,,,,,,,,,link needed (missing in examples so far),,
66,csq_maxentscan_alt,csq_maxentscan_alt,MaxEntScan - Alt,Y,9.444,variant,MaxEnt,v20040421,MaxEntScan alternate sequence score,number,"{""key"": ""transcript"", ""title"": ""Transcript""}",N,Effect Predictors,,,,,vep,,,,,,,,,,,Splicing,
67,csq_maxentscan_diff,csq_maxentscan_diff,MaxEntScan,Y,-0.274,variant,MaxEnt,v20040421,MaxEntScan score difference,number,"{""key"": ""transcript"", ""title"": ""Transcript""}",N,Effect Predictors,,,,,vep,,,,,,,,,,copy to worst effect transcript gene also for filtering,,
68,csq_maxentscan_ref,csq_maxentscan_ref,MaxEntScan - Ref,Y,9.171,variant,MaxEnt,v20040421,MaxEntScan reference sequence score,number,"{""key"": ""transcript"", ""title"": ""Transcript""}",N,Effect Predictors,,,,,vep,,,,,,,,,,,,
69,csq_tssdistance,csq_tssdistance,,Y,1863,variant,VEP,v101,Distance from the transcription start site,integer,"{""key"": ""transcript"", ""title"": ""Transcript""}",N,Consequence,,,,,vep,,,,,,,,,,,,
70,genes_most_severe_gene,genes_most_severe_gene,Gene,Y,,variant,GENES,v101,,string,"{""key"": ""genes"", ""title"": ""Gene""}",N,Gene,,,40,4,manual - VEP,,,,,,Gene,,,,,,
71,genes_most_severe_gene.s_het,genes_most_severe_gene.s_het,S_het,Y,0.712744609;0.687495742;0.660254755;0.639410094;0.620360495;0.616952455;0.615396766;0.608889049;0.598649548;0.586267656;0.583941063;0.573090113;0.552121239;0.547772441;0.547290214;0.547052978;0.542223592;0.541479417;0.536996463,variant,CassaNatGenet2017,04/03/2017,,number,"{""key"": ""genes"", ""title"": ""Gene""}",N,Constraint Metrics,32,,,3,genes,,,,,,,Y,,,,,
72,genes_most_severe_gene.oe_mis,genes_most_severe_gene.oe_mis,o/e (missense),Y,,variant,gnomADmetrics,v2.1.1,Observed/Expected Missense,number,"{""key"": ""genes"", ""title"": ""Gene""}",N,Constraint Metrics,34,,,4,genes,,,,,,,Y,,,,,
73,genes_most_severe_gene.oe_lof,genes_most_severe_gene.oe_lof,o/e (LoF),Y,,variant,gnomADmetrics,v2.1.1,Observed/Expected Loss of function,number,"{""key"": ""genes"", ""title"": ""Gene""}",N,Constraint Metrics,35,,,4,genes,,,,,,,Y,,,,,
74,genes_most_severe_gene.oe_lof_upper,genes_most_severe_gene.oe_lof_upper,LOEUF,Y,,variant,gnomADmetrics,v2.1.1,"loss-of-function observed/expected upper bound fraction, is a metric that is developed by the gnomAD team and supersedes pLI. See gnomAD FAQs (https://gnomad.broadinstitute.org/faq) for more information.",number,"{""key"": ""genes"", ""title"": ""Gene""}",N,Constraint Metrics,33,,,4,genes,,,,,,,Y,,,,,
75,genes_most_severe_transcript,genes_most_severe_transcript,Transcript,Y,,variant,GENES,v101,,string,"{""key"": ""genes"", ""title"": ""Gene""}",N,Gene,,,41,4,manual - VEP,,,,,,,,,,,,
76,genes_most_severe_feature_ncbi,genes_most_severe_feature_ncbi,,Y,,variant,GENES,v101,,string,"{""key"": ""genes"", ""title"": ""Gene""}",N,,,,,,,,,,,,,,,,,,
77,genes_most_severe_hgvsc,genes_most_severe_hgvsc,Coding Sequence,Y,,variant,GENES,v101,,string,"{""key"": ""genes"", ""title"": ""Gene""}",N,Gene,,,50,4,manual - VEP,,,,,,,,,,,,
78,genes_most_severe_hgvsp,genes_most_severe_hgvsp,Protein Sequence,Y,,variant,GENES,v101,,string,"{""key"": ""genes"", ""title"": ""Gene""}",N,Gene,,,50,4,manual - VEP,,,,,,,,,,,,
79,genes_most_severe_amino_acids,genes_most_severe_amino_acids,,Y,,variant,GENES,v101,,string,"{""key"": ""genes"", ""title"": ""Gene""}",N,,,,,,,,,,,,,,,,,,
80,genes_most_severe_sift_score,genes_most_severe_sift_score,SIFT score,Y,,variant,GENES,v101,,number,"{""key"": ""genes"", ""title"": ""Gene""}",N,Effect Predictors,24,,,4,manual - VEP,,,,,,,,,,,Missense,
81,genes_most_severe_polyphen_score,genes_most_severe_polyphen_score,PolyPhen score,Y,,variant,GENES,v101,,number,"{""key"": ""genes"", ""title"": ""Gene""}",N,Effect Predictors,25,,,4,manual - VEP,,,,,,,,,,,Missense,
82,genes_most_severe_maxentscan_diff,genes_most_severe_maxentscan_diff,MaxEntScan Diff,Y,,variant,GENES,v101,,number,"{""key"": ""genes"", ""title"": ""Gene""}",N,Effect Predictors,31,,,4,manual - VEP,,,,,,,,,,,Splicing,
83,genes_most_severe_consequence,genes_most_severe_consequence,,Y,,variant,GENES,v101,,string,"{""key"": ""genes"", ""title"": ""Gene""}",N,,,,,4,manual - VEP,,,,,,VariantConsequence,,,,,,
84,genes_most_severe_consequence.display_title,genes_most_severe_consequence.display_title,Consequence,Y,,variant,,,,string,"{""key"": ""genes"", ""title"": ""Gene""}",N,Consequence,,,,4,calculated_property,,,,,,,Y,,,,,
85,genes_most_severe_consequence.impact,genes_most_severe_consequence.impact,Impact,Y,,variant,,,Impact on worst effect transcript,string,"{""key"": ""genes"", ""title"": ""Gene""}",N,Consequence,7,,,4,calculated_property,,,,,,,Y,,,,,
86,genes_most_severe_consequence.location,genes_most_severe_consequence.location,Location,Y,,variant,,,Location on worst effect transcript,string,"{""key"": ""genes"", ""title"": ""Gene""}",N,Consequence,6,,,4,calculated_property,,,,,,,Y,,,,,
87,genes_most_severe_consequence.coding_effect,genes_most_severe_consequence.coding_effect,Coding Effect,Y,,variant,,,Coding effect on worst effect transcript,string,"{""key"": ""genes"", ""title"": ""Gene""}",N,Consequence,5,,51,4,calculated_property,,,,,,,Y,,,,,
88,genes_most_severe_gene.gene_lists.display_title,genes_ensg.gene_lists.display_title,Gene List,Y,,variant,,,Gene lists,string,"{""key"": ""genes"", ""title"": ""Gene""}",Y,Genes,99,,,0,calculated_property,,,,,,,Y,,,,,
89,csq_rs_dbsnp151,csq_rs_dbsnp151,dbSNP ID,Y,rs770467308&rs7513079,variant,dbNSFP,v4.1a,dbSNP RS number,string,,N,Position,,,11,3,manual,,,,,,,,,,,Position,
90,csq_phastcons100way_vertebrate,csq_phastcons100way_vertebrate,PhastCons (100 Vertebrates),Y,0,variant,dbNSFP,v4.1a,PhastCons 100 way score,number,,N,Effect Predictors,,,,,,,,,,,,,,,,,
91,csq_phylop100way_vertebrate,csq_phylop100way_vertebrate,PhyloP (100 Vertebrates),Y,-0.684,variant,dbNSFP,v4.1a,PhyloP 100 way score,number,,N,Effect Predictors,22,,,3,phyloP,,,-20,10,,,,,,,Conservation,PhyloP100
,csq_phylop100way_vertebrate_rankscore,csq_phylop100way_vertebrate_rankscore,PhyloP (100 Vertebrates) rankscore,Y,10.40694444,variant,dbNSFP,v4.1a,PhyloP 100 way rankscore,number,,N,Effect Predictors,,,,,,,,,,,,,,,,,
92,csq_phylop30way_mammalian,csq_phylop30way_mammalian,PhyloP (30 Mammals),Y,-0.327,variant,dbNSFP,v4.1a,PhyloP 30 way score,number,,N,Effect Predictors,,,,,,,,,,,,,,,,,
93,csq_gerp_rs,csq_gerp++_rs,Gerp++ score,Y,1.15,variant,dbNSFP,v4.1a,GERP score,number,,N,Effect Predictors,,,,,,,,,,,,,,,,Conservation,
,csq_gerp_rs_rankscore,csq_gerp++_rs_rankscore,Gerp++ rankscore,Y,20.66458333,variant,dbNSFP,v4.1a,GERP rankscore,number,,N,Effect Predictors,,,,,,,,,,,,,,,,,
94,csq_siphy_29way_logodds,csq_siphy_29way_logodds,SiPhy (Omega),Y,4.1978,variant,dbNSFP,v4.1a,Siphy omega score,number,,N,Effect Predictors,,,,,,,,,,,,,,,,,
95,csq_siphy_29way_pi,csq_siphy_29way_pi,SiPhy (p-value),Y,0.1516:0.0:0.6258:0.2226,variant,dbNSFP,v4.1a,Siphy p score,number,,N,Effect Predictors,,,,,,,,,,,,,,,,,
96,csq_primateai_score,csq_primateai_score,PrimateAI score,Y,0.6325855851,variant,dbNSFP,v4.1a,PrimateAI score,number,,N,Effect Predictors,,,,,,,,,,,,,,,,,
,csq_primateai_pred,csq_primateai_pred,PrimateAI prediction,Y,T,variant,dbNSFP,v4.1a,PrimateAI prediction,string,,N,Effect Predictors,,,,,,,,,,,,,,,,,
,csq_primateai_rankscore,csq_primateai_rankscore,PrimateAI rankscore,Y,11.98333333,variant,dbNSFP,v4.1a,PrimateAI rankscore,number,,N,Effect Predictors,,,,,,,,,,,,,,,,,
97,csq_cadd_phred,csq_cadd_phred,CADD Phred score,Y,2.209,variant,dbNSFP,v4.1a,CADD Phred score,number,,N,Effect Predictors,23,,,3,CADD,,,,,,,,,,,Missense,
,csq_cadd_raw_rankscore,csq_cadd_raw_rankscore,CADD rankscore,Y,48.46666667,variant,dbNSFP,v4.1a,CADD rankscore,number,,N,Effect Predictors,,,,,,,,,,,,,,,,,
,csq_polyphen2_hvar_pred,csq_polyphen2_hvar_pred,PolyPhen 2 prediction,Y,D,variant,dbNSFP,v4.1a,PolyPhen 2 prediction,string,,N,Effect Predictors,,,,,,,,,,,,,,,,,
,csq_polyphen2_hvar_rankscore,csq_polyphen2_hvar_rankscore,PolyPhen 2 rankscore,Y,52.85625,variant,dbNSFP,v4.1a,PolyPhen 2 rankscore,number,,N,Effect Predictors,,,,,,,,,,,,,,,,,
,csq_polyphen2_hvar_score,csq_polyphen2_hvar_score,PolyPhen 2 score,Y,0.9,variant,dbNSFP,v4.1a,PolyPhen 2 score,number,,N,Effect Predictors,,,,,,,,,,,,,,,,,
,csq_sift_pred,csq_sift_pred,SIFT prediction,Y,D,variant,dbNSFP,v4.1a,SIFT prediction,string,,N,Effect Predictors,,,,,,,,,,,,,,,,,
,csq_sift_converted_rankscore,csq_sift_converted_rankscore,SIFT rankscore,Y,36.925,variant,dbNSFP,v4.1a,SIFT rankscore,number,,N,Effect Predictors,,,,,,,,,,,,,,,,,
,csq_sift_score,csq_sift_score,SIFT score,Y,0.012,variant,dbNSFP,v4.1a,SIFT score,number,,N,Effect Predictors,,,,,,,,,,,,,,,,,
98,csq_spliceai_pred_symbol,csq_spliceai_pred_symbol,SpliceAI Gene,Y,OR4F5,variant,SpliceAI,v1.3,affected gene symbol,string,,N,Effect Predictors,,,,,,,,,,,,,,,,Splicing,
99,csq_spliceai_pred_ds_ag,csq_spliceai_pred_ds_ag,SpliceAI Delta Score Acceptor Gain,Y,0.01,variant,SpliceAI,v1.3,delta scores (DS) for acceptor gain (AG),number,,N,Effect Predictors,,,,,,,,0,1,,,,,,,Splicing ?,
100,csq_spliceai_pred_ds_al,csq_spliceai_pred_ds_al,SpliceAI Delta Score Acceptor Loss,Y,0.08,variant,SpliceAI,v1.3,delta scores (DS) for acceptor loss (AL),number,,N,Effect Predictors,,,,,,,,0,1,,,,,,,Splicing ?,
101,csq_spliceai_pred_ds_dg,csq_spliceai_pred_ds_dg,SpliceAI Delta Score Donor Gain,Y,0,variant,SpliceAI,v1.3,delta scores (DS) for donor gain (DG),number,,N,Effect Predictors,,,,,,,,0,1,,,,,,,Splicing ?,
102,csq_spliceai_pred_ds_dl,csq_spliceai_pred_ds_dl,SpliceAI Delta Score Donor Loss,Y,0,variant,SpliceAI,v1.3,delta scores (DS) for donor loss (DL),number,,N,Effect Predictors,,,,,,,,0,1,,,,,,,Splicing ?,
103,csq_spliceai_pred_dp_ag,csq_spliceai_pred_dp_ag,SpliceAI Delta Position Acceptor Gain,Y,-10,variant,SpliceAI,v1.3,delta positions (DP) for acceptor gain (AG),integer,,N,Effect Predictors,,,,,,,,,,,,,,,,Splicing ?,
104,csq_spliceai_pred_dp_al,csq_spliceai_pred_dp_al,SpliceAI Delta Position Acceptor Loss,Y,26,variant,SpliceAI,v1.3,delta positions (DP) for acceptor loss (AL),integer,,N,Effect Predictors,,,,,,,,,,,,,,,,Splicing ?,
105,csq_spliceai_pred_dp_dg,csq_spliceai_pred_dp_dg,SpliceAI Delta Position Donor Gain,Y,-28,variant,SpliceAI,v1.3,delta positions (DP) for donor gain (DG),integer,,N,Effect Predictors,,,,,,,,,,,,,,,,Splicing ?,
106,csq_spliceai_pred_dp_dl,csq_spliceai_pred_dp_dl,SpliceAI Delta Position Donor Loss,Y,-25,variant,SpliceAI,v1.3,delta positions (DP) for donor loss (DL),integer,,N,Effect Predictors,,,,,,,,,,,,,,,,Splicing ?,
107,spliceaiMaxds,spliceaiMaxds,SpliceAI Max Delta,Y,0.8,variant,,,maximum delta scores,number,,N,Effect Predictors,27,,,4,spliceAI,,,,,,,,,,,Splicing,
108,csq_gnomadg_ac,csq_gnomadg_ac,GnomAD Alt Allele Count,Y,10088,variant,gnomAD,v3.1,Alternate allele count for samples,integer,,N,Population Frequency,,,,,,,0,0,,,,,,,,GnomAD,
109,csq_gnomadg_af_popmax,csq_gnomadg_af_popmax,GnomAD Alt AF - PopMax,Y,0.636029,variant,gnomAD,v3.1,maximum population allele frequency from gnomAD gnome v3.0,number,,N,Population Frequency,19,,61,4,manual / gnomad,,0,0,1,,,,,,,,PopMax AF
110,csq_gnomadg_ac-afr,csq_gnomadg_ac-afr,GnomAD Alt AC - African-American/African,Y,2444,variant,gnomAD,v3.1,Alternate allele count for samples of African-American/African ancestry,integer,,N,Population Frequency,,,,,,,0,0,,,,,,,,GnomAD,
111,csq_gnomadg_ac-ami,csq_gnomadg_ac-ami,GnomAD Alt AC - Amish,Y,41,variant,gnomAD,v3.1,Alternate allele count for samples of Amish ancestry,integer,,N,Population Frequency,,,,,,,0,0,,,,,,,,GnomAD,
112,csq_gnomadg_ac-amr,csq_gnomadg_ac-amr,GnomAD Alt AC - Latino,Y,926,variant,gnomAD,v3.1,Alternate allele count for samples of Latino ancestry,integer,,N,Population Frequency,,,,,,,0,0,,,,,,,,GnomAD,
113,csq_gnomadg_ac-asj,csq_gnomadg_ac-asj,GnomAD Alt AC - Ashkenazi Jewish,Y,310,variant,gnomAD,v3.1,Alternate allele count for samples of Ashkenazi Jewish ancestry,integer,,N,Population Frequency,,,,,,,0,0,,,,,,,,GnomAD,
114,csq_gnomadg_ac-eas,csq_gnomadg_ac-eas,GnomAD Alt AC - East Asian,Y,242,variant,gnomAD,v3.1,Alternate allele count for samples of East Asian ancestry,integer,,N,Population Frequency,,,,,,,0,0,,,,,,,,GnomAD,
115,csq_gnomadg_ac-fin,csq_gnomadg_ac-fin,GnomAD Alt AC - Finnish,Y,294,variant,gnomAD,v3.1,Alternate allele count for samples of Finnish ancestry,integer,,N,Population Frequency,,,,,,,0,0,,,,,,,,GnomAD,
116,csq_gnomadg_ac-nfe,csq_gnomadg_ac-nfe,GnomAD Alt AC - Non-Finnish European,Y,5363,variant,gnomAD,v3.1,Alternate allele count for samples of Non-Finnish European ancestry,integer,,N,Population Frequency,,,,,,,0,0,,,,,,,,GnomAD,
117,csq_gnomadg_ac-sas,csq_gnomadg_ac-sas,GnomAD Alt AC - South Asian,Y,282,variant,gnomAD,v3.1,Alternate allele count for samples of South Asian ancestry,integer,,N,Population Frequency,,,,,,,0,0,,,,,,,,GnomAD,
118,csq_gnomadg_ac-oth,csq_gnomadg_ac-oth,GnomAD Alt AC - Other Ancestry,Y,174,variant,gnomAD,v3.1,Alternate allele count for samples of Other ancestry,integer,,N,Population Frequency,,,,,,,0,0,,,,,,,,GnomAD,
119,csq_gnomadg_ac-xy,csq_gnomadg_ac-xy,GnomAD Alt AC - male,Y,4702,variant,gnomAD,v3.1,Alternate allele count for male samples,integer,,N,Population Frequency,,,,,,,0,0,,,,,,,,GnomAD,
120,csq_gnomadg_ac-xx,csq_gnomadg_ac-xx,GnomAD Alt AC - female,Y,5386,variant,gnomAD,v3.1,Alternate allele count for female samples,integer,,N,Population Frequency,,,,,,,0,0,,,,,,,,GnomAD,
121,csq_gnomadg_an-afr,csq_gnomadg_an-afr,GnomAD Total AN - African-American/African,Y,3902,variant,gnomAD,v3.1,Total number of alleles in samples of African-American/African ancestry,integer,,N,Population Frequency,,,,,,,0,0,,,,,,,,GnomAD,
122,csq_gnomadg_an-ami,csq_gnomadg_an-ami,GnomAD Total AN - Amish,Y,70,variant,gnomAD,v3.1,Total number of alleles in samples of Amish ancestry,integer,,N,Population Frequency,,,,,,,0,0,,,,,,,,GnomAD,
123,csq_gnomadg_an,csq_gnomadg_an,GnomAD Total Allele Number,Y,16086,variant,gnomAD,v3.1,Total number of alleles in samples,integer,,N,Population Frequency,20,,,4,gnomad,,0,0,,,,,,,,GnomAD,
124,csq_gnomadg_an-amr,csq_gnomadg_an-amr,GnomAD Total AN - Latino,Y,1460,variant,gnomAD,v3.1,Total number of alleles in samples of Latino ancestry,integer,,N,Population Frequency,,,,,,,0,0,,,,,,,,GnomAD,
125,csq_gnomadg_an-asj,csq_gnomadg_an-asj,GnomAD Total AN - Ashkenazi Jewish,Y,474,variant,gnomAD,v3.1,Total number of alleles in samples of Ashkenazi Jewish ancestry,integer,,N,Population Frequency,,,,,,,0,0,,,,,,,,GnomAD,
126,csq_gnomadg_an-eas,csq_gnomadg_an-eas,GnomAD Total AN - East Asian,Y,428,variant,gnomAD,v3.1,Total number of alleles in samples of East Asian ancestry,integer,,N,Population Frequency,,,,,,,0,0,,,,,,,,GnomAD,
127,csq_gnomadg_an-fin,csq_gnomadg_an-fin,GnomAD Total AN - Finnish,Y,560,variant,gnomAD,v3.1,Total number of alleles in samples of Finnish ancestry,integer,,N,Population Frequency,,,,,,,0,0,,,,,,,,GnomAD,
128,csq_gnomadg_an-nfe,csq_gnomadg_an-nfe,GnomAD Total AN - Non-Finnish European,Y,8432,variant,gnomAD,v3.1,Total number of alleles in samples of Non-Finnish European ancestry,integer,,N,Population Frequency,,,,,,,0,0,,,,,,,,GnomAD,
129,csq_gnomadg_an-sas,csq_gnomadg_an-sas,GnomAD Total AN - South Asian,Y,446,variant,gnomAD,v3.1,Total number of alleles in samples of South Asian ancestry,integer,,N,Population Frequency,,,,,,,0,0,,,,,,,,GnomAD,
130,csq_gnomadg_an-oth,csq_gnomadg_an-oth,GnomAD Total AN - Other Ancestry,Y,282,variant,gnomAD,v3.1,Total number of alleles in samples of Other ancestry,integer,,N,Population Frequency,,,,,,,0,0,,,,,,,,GnomAD,
131,csq_gnomadg_an-xy,csq_gnomadg_an-xy,GnomAD Total AN - male,Y,7514,variant,gnomAD,v3.1,Total number of alleles in male samples,integer,,N,Population Frequency,,,,,,,0,0,,,,,,,,GnomAD,
132,csq_gnomadg_an-xx,csq_gnomadg_an-xx,GnomAD Total AN - female,Y,8572,variant,gnomAD,v3.1,Total number of alleles in female samples,integer,,N,Population Frequency,,,,,,,0,0,,,,,,,,GnomAD,
133,csq_gnomadg_af-afr,csq_gnomadg_af-afr,GnomAD Alt AF - African-American/African,Y,0.626345,variant,gnomAD,v3.1,Alternate allele frequency in samples of African-American/African ancestry,number,,N,Population Frequency,,,,,,,0,0,1,,,,,,,GnomAD,
134,csq_gnomadg_af-ami,csq_gnomadg_af-ami,GnomAD Alt AF - Amish,Y,0.585714,variant,gnomAD,v3.1,Alternate allele frequency in samples of Amish ancestry,number,,N,Population Frequency,,,,,,,0,0,1,,,,,,,GnomAD,
135,csq_gnomadg_af-amr,csq_gnomadg_af-amr,GnomAD Alt AF - Latino,Y,0.634247,variant,gnomAD,v3.1,Alternate allele frequency in samples of Latino ancestry,number,,N,Population Frequency,,,,,,,0,0,1,,,,,,,GnomAD,
136,csq_gnomadg_af,csq_gnomadg_af,GnomAD Alt Allele Frequency,Y,0.627129,variant,gnomAD,v3.1,Alternate allele frequency in samples,number,,N,Population Frequency,18,,60,4,gnomad,,0,0,1,,,,,,,GnomAD,AF
137,csq_gnomadg_af-asj,csq_gnomadg_af-asj,GnomAD Alt AF - Ashkenazi Jewish,Y,0.654008,variant,gnomAD,v3.1,Alternate allele frequency in samples of Ashkenazi Jewish ancestry,number,,N,Population Frequency,,,,,,,0,0,1,,,,,,,GnomAD,
138,csq_gnomadg_af-eas,csq_gnomadg_af-eas,GnomAD Alt AF - East Asian,Y,0.565421,variant,gnomAD,v3.1,Alternate allele frequency in samples of East Asian ancestry,number,,N,Population Frequency,,,,,,,0,0,1,,,,,,,GnomAD,
139,csq_gnomadg_af-fin,csq_gnomadg_af-fin,GnomAD Alt AF - Finnish,Y,0.525,variant,gnomAD,v3.1,Alternate allele frequency in samples of Finnish ancestry,number,,N,Population Frequency,,,,,,,0,0,1,,,,,,,GnomAD,
140,csq_gnomadg_af-nfe,csq_gnomadg_af-nfe,GnomAD Alt AF - Non-Finnish European,Y,0.636029,variant,gnomAD,v3.1,Alternate allele frequency in samples of Non-Finnish European ancestry,number,,N,Population Frequency,,,,,,,0,0,1,,,,,,,GnomAD,
141,csq_gnomadg_af-sas,csq_gnomadg_af-sas,GnomAD Alt AF - South Asian,Y,0.632287,variant,gnomAD,v3.1,Alternate allele frequency in samples of South Asian ancestry,number,,N,Population Frequency,,,,,,,0,0,1,,,,,,,GnomAD,
142,csq_gnomadg_af-oth,csq_gnomadg_af-oth,GnomAD Alt AF - Other Ancestry,Y,0.617021,variant,gnomAD,v3.1,Alternate allele frequency in samples of Other ancestry,number,,N,Population Frequency,,,,,,,0,0,1,,,,,,,GnomAD,
143,csq_gnomadg_af-xy,csq_gnomadg_af-xy,GnomAD Alt AF - male,Y,0.625765,variant,gnomAD,v3.1,Alternate allele frequency in male samples,number,,N,Population Frequency,,,,,,,0,0,1,,,,,,,GnomAD,
144,csq_gnomadg_af-xx,csq_gnomadg_af-xx,GnomAD Alt AF - female,Y,0.628325,variant,gnomAD,v3.1,Alternate allele frequency in female samples,number,,N,Population Frequency,,,,,,,0,0,1,,,,,,,GnomAD,
145,csq_gnomadg_nhomalt-afr,csq_gnomadg_nhomalt-afr,GnomAD Homozygous Count - African-American/African,Y,629,variant,gnomAD,v3.1,Count of homozygous individuals in samples of African-American/African ancestry,integer,,N,Population Frequency,,,,,,,0,0,,,,,,,,GnomAD,
146,csq_gnomadg_nhomalt-ami,csq_gnomadg_nhomalt-ami,GnomAD Homozygous Count - Amish,Y,10,variant,gnomAD,v3.1,Count of homozygous individuals in samples of Amish ancestry,integer,,N,Population Frequency,,,,,,,0,0,,,,,,,,GnomAD,
147,csq_gnomadg_nhomalt-amr,csq_gnomadg_nhomalt-amr,GnomAD Homozygous Count - Latino,Y,262,variant,gnomAD,v3.1,Count of homozygous individuals in samples of Latino ancestry,integer,,N,Population Frequency,,,,,,,0,0,,,,,,,,GnomAD,
148,csq_gnomadg_nhomalt,csq_gnomadg_nhomalt,GnomAD Homozygous Count,Y,2613,variant,gnomAD,v3.1,Count of homozygous individuals in samples,integer,,N,Population Frequency,21,,,4,gnomad,,0,0,,,,,,,,GnomAD,
149,csq_gnomadg_nhomalt-asj,csq_gnomadg_nhomalt-asj,GnomAD Homozygous Count - Ashkenazi Jewish,Y,84,variant,gnomAD,v3.1,Count of homozygous individuals in samples of Ashkenazi Jewish ancestry,integer,,N,Population Frequency,,,,,,,0,0,,,,,,,,GnomAD,
150,csq_gnomadg_nhomalt-eas,csq_gnomadg_nhomalt-eas,GnomAD Homozygous Count - East Asian,Y,55,variant,gnomAD,v3.1,Count of homozygous individuals in samples of East Asian ancestry,integer,,N,Population Frequency,,,,,,,0,0,,,,,,,,GnomAD,
151,csq_gnomadg_nhomalt-fin,csq_gnomadg_nhomalt-fin,GnomAD Homozygous Count - Finnish,Y,62,variant,gnomAD,v3.1,Count of homozygous individuals in samples of Finnish ancestry,integer,,N,Population Frequency,,,,,,,0,0,,,,,,,,GnomAD,
152,csq_gnomadg_nhomalt-nfe,csq_gnomadg_nhomalt-nfe,GnomAD Homozygous Count - Non-Finnish European,Y,1390,variant,gnomAD,v3.1,Count of homozygous individuals in samples of Non-Finnish European ancestry,integer,,N,Population Frequency,,,,,,,0,0,,,,,,,,GnomAD,
153,csq_gnomadg_nhomalt-sas,csq_gnomadg_nhomalt-sas,GnomAD Homozygous Count - South Asian,Y,75,variant,gnomAD,v3.1,Count of homozygous individuals in samples of South Asian ancestry,integer,,N,Population Frequency,,,,,,,0,0,,,,,,,,GnomAD,
154,csq_gnomadg_nhomalt-oth,csq_gnomadg_nhomalt-oth,GnomAD Homozygous Count - Other Ancestry,Y,42,variant,gnomAD,v3.1,Count of homozygous individuals in samples of Other ancestry,integer,,N,Population Frequency,,,,,,,0,0,,,,,,,,GnomAD,
155,csq_gnomadg_nhomalt-xy,csq_gnomadg_nhomalt-xy,GnomAD Homozygous Count - male,Y,1223,variant,gnomAD,v3.1,Count of homozygous individuals in male samples,integer,,N,Population Frequency,,,,,,,0,0,,,,,,,,GnomAD,
156,csq_gnomadg_nhomalt-xx,csq_gnomadg_nhomalt-xx,GnomAD Homozygous Count - female,Y,1390,variant,gnomAD,v3.1,Count of homozygous individuals in female samples,integer,,N,Population Frequency,,,,,,,0,0,,,,,,,,GnomAD,
157,csq_clinvar,csq_clinvar,Clinvar ID,Y,402986,variant,ClinVar,v20201101,ClinVar variantion ID,string,,N,variant database,,,70,3,clinvar,,,,,,,,,https://www.ncbi.nlm.nih.gov/clinvar/variation/<ID>/,,,
158,csq_clinvar_clndn,csq_clinvar_clndn,,Y,not_specified&not_provided,variant,ClinVar,v20201101,ClinVar's preferred disease name for the concept specified by disease identifiers in CLNDISDB,string,,Y,variant database,,,,,,,,,,,,,,,,,
159,csq_clinvar_clndnincl,csq_clinvar_clndnincl,,Y,Encephalopathy&_acute&_infection-induced&_4&_susceptibility_to,variant,ClinVar,v20201101,For included Variant : ClinVar's preferred disease name for the concept specified by disease identifiers in CLNDISDB,string,,N,variant database,,,,,,,,,,,,,,,,,
160,csq_clinvar_clndisdb,csq_clinvar_clndisdb,,Y,MedGen:CN169374&MedGen:CN517202,variant,ClinVar,v20201101,"Tag-value pairs of disease database name and identifier, e.g. OMIM:NNNNNN",string,,Y,variant database,,,,,,,,,,,,,,,,,
161,csq_clinvar_clndisdbincl,csq_clinvar_clndisdbincl,,Y,MONDO:MONDO:0013633&MedGen:C3280160&OMIM:614212,variant,ClinVar,v20201101,"For included Variant: Tag-value pairs of disease database name and identifier, e.g. OMIM:NNNNNN",string,,Y,variant database,,,,,,,,,,,,,,,,,
163,csq_clinvar_clnrevstat,csq_clinvar_clnrevstat,,Y,criteria_provided&_single_submitter,variant,ClinVar,v20201101,ClinVar review status for the Variation ID,string,,Y,variant database,,,,,,,,,,,,,,,,,
164,csq_clinvar_clnsig,csq_clinvar_clnsig,Clinvar,Y,Conflicting_interpretations_of_pathogenicity&_other,variant,ClinVar,v20201101,Clinical significance for this single variant,string,,N,variant database,36,,,3,clinvar,,,,,,,,,,,,
165,csq_clinvar_clnsigconf,csq_clinvar_clnsigconf,,Y,Benign(3)&Uncertain_significance(1),variant,ClinVar,v20201101,Conflicting clinical significance for this single variant,string,,Y,variant database,,,,,,,,,,,,,,,,,
166,csq_clinvar_clnsigincl,csq_clinvar_clnsigincl,,Y,16318:Pathogenic/Likely_pathogenic&217371:Pathogenic,variant,ClinVar,v20201101,Clinical significance for a haplotype or genotype that includes this variant. Reported as pairs of VariationID:clinical significance.,string,,Y,variant database,,,,,,,,,,,,,,,,,
167,csq_clinvar_clnvc,csq_clinvar_clnvc,,Y,single_nucleotide_variant,variant,ClinVar,v20201101,Variant type,string,,N,variant database,,,,,,,,,,,,,,,,,
168,csq_clinvar_clnvcso,csq_clinvar_clnvcso,,Y,SO:0001483,variant,ClinVar,v20201101,Sequence Ontology id for variant type,string,,N,variant database,,,,,,,,,,,,,,,,,
169,csq_clinvar_geneinfo,csq_clinvar_geneinfo,,Y,TARDBP:23435&MASP2:10747,variant,ClinVar,v20201101,Gene(s) for the variant reported as gene symbol:gene id. The gene symbol and id are delimited by a colon (:) and each pair is delimited by a vertical bar (|),string,,Y,variant database,,,,,,,,,,,,,,,,,
170,csq_clinvar_mc,csq_clinvar_mc,,Y,SO:0001583&missense_variant,variant,ClinVar,v20201101,Sequence Ontology ID list,string,,Y,variant database,,,,,,,,,,,,,,,,,
171,csq_clinvar_origin,csq_clinvar_origin,,Y,1,variant,ClinVar,v20201101,Allele origin. One or more of the following values may be added: 0 - unknown; 1 - germline; 2 - somatic; 4 - inherited; 8 - paternal; 16 - maternal; 32 - de-novo; 64 - biparental; 128 - uniparental; 256 - not-tested; 512 - tested-inconclusive; 1073741824 - other,integer,,N,variant database,,,,,,,,,,,,,,,,,
172,comhet_phase,comhet_phase,,Y,,sample_variant,comHet,v0.1.3,,string,"{""key"": ""cmphet"", ""title"": ""Compound Het""}",N,,,,,,,,,,,,,,,,,Comp Het,
173,comhet_gene,comhet_gene,,Y,,sample_variant,comHet,v0.1.3,,string,"{""key"": ""cmphet"", ""title"": ""Compound Het""}",N,,,,,,,,,,,,,,,,,Comp Het,
174,comhet_transcript,comhet_transcript,,Y,,sample_variant,comHet,v0.1.3,,string,"{""key"": ""cmphet"", ""title"": ""Compound Het""}",Y,,,,,,,,,,,,,,,,,Comp Het,
175,comhet_impact_gene,comhet_impact_gene,ComHet Impact,Y,,sample_variant,comHet,v0.1.3,,string,"{""key"": ""cmphet"", ""title"": ""Compound Het""}",N,Genotype,17,,,4,comhet,,,,,,,,,,,Comp Het,
176,comhet_impact_transcript,comhet_impact_transcript,,Y,,sample_variant,comHet,v0.1.3,,string,"{""key"": ""cmphet"", ""title"": ""Compound Het""}",N,,,,,,,,,,,,,,,,,Comp Het,
177,comhet_mate_variant,comhet_mate_variant,,Y,,sample_variant,comHet,v0.1.3,,string,"{""key"": ""cmphet"", ""title"": ""Compound Het""}",N,,,,,,,,,,,,,,,,,Comp Het,